this is rao message,Age,City
om,20,akola
this is rao message,Age,City
om,20,akola
ra,Age,City
om,20,akola
from akola,Age,City
om,20,akola
th,Age,City
om,20,akola
this is rao,Age,City
om,20,akola
,Age,City
om,20,akola
ra,Age,City
om,20,akola
hii this is rao,Age,City
om,20,akola
th,Age,City
om,20,akola
ra,Age,City
om,20,akola
ra,Age,City
om,20,akola
Ffff,Age,City
om,20,akola
raggggg,Age,City
om,20,akola
ra,Age,City
om,20,akola
how is you,Age,City
om,20,akola
ra,Age,City
om,20,akola
rao,Age,City
om,20,akola
rao,Age,City
om,20,akola
how you are doing,Age,City
om,20,akola
Ffff,Age,City
om,20,akola
Ffff,Age,City
om,20,akola
Ffff,Age,City
om,20,akola
Ffff,Age,City
om,20,akola
Ffff,Age,City
om,20,akola
Hiiii,Age,City
om,20,akola
rao,Age,City
om,20,akola
ra,Age,City
om,20,akola
ra,Age,City
om,20,akola
whe are here ,Age,City
om,20,akola
we are herer,Age,City
om,20,akola
ra,Age,City
om,20,akola
how are you,Age,City
om,20,akola
ye to badiya hai,Age,City
om,20,akola
